{
    "nb_cells": 300,
    "nb_GC_cells": 300,
    "rf_BC": 0.30000000000000004,
    "rf_BC_s": 1.2000000000000002,
    "rf_GC": 0.39,
    "rf_GC_s": 2.91,
    "std_GC": 0.065,
    "std_GC_s": 0.48500000000000004,
    "speed": 3.0,
    "spacing": 0.005,
    "distance": 1.5,
    "dt": 0.0001,
    "stimulus_polarity": 1,
    "stop_pos": null,
    "w_BC": 0.0,
    "w_GC": 0.0,
    "X0": 0,
    "tauA": 0.28,
    "tauA2": 0.3,
    "tauB": 0.08,
    "tauG": 0.01,
    "tauOPL": 0.04,
    "tauOPL2": 0.087,
    "SF": 1.0,
    "wAB": 46.0,
    "wBA": 46.0,
    "wBA2": 0.0,
    "wGB": 0.04,
    "wGA": 0.0,
    "wGA2": 0.0,
    "d": 1,
    "rectification_BC": true,
    "slope_BC": 1,
    "threshold_BC": 0.0,
    "rectification_AC": true,
    "slope_GC": 1110,
    "threshold_GC": 0.0,
    "krecB": 1.0,
    "krelB": 0.5,
    "betaB": 0,
    "krecA": 0.5,
    "krelA": 1.0,
    "betaA": 0,
    "tauActB": 0.1,
    "hB": 0.0,
    "tauActA": 0.1,
    "hA": 0.0,
    "tauActG": 0.1895,
    "hG": 0,
    "duration": 0.5,
    "rf_overlap": 60.20000000000001,
    "cell_spacing": 0.0049833887043189366,
    "tps": 5000
}